{"cameraMode":{"drawMode":0,"name":"Shaded","section":"Shading Mode"},"sceneLighting":false,"audioPlay":false,"sceneViewState":{"m_AlwaysRefresh":false,"showFog":true,"showSkybox":false,"showFlares":true,"showImageEffects":true,"showParticleSystems":true,"showVisualEffectGraphs":true,"m_FxEnabled":true},"in2DMode":false,"pivot":{"x":-0.06480234861373902,"y":0.054511237889528278,"z":-0.16485553979873658},"rotation":{"x":-0.15536251664161683,"y":0.5330491065979004,"z":-0.10030654817819596,"w":-0.8256274461746216},"size":5.841716289520264,"orthographic":false}