{"cameraMode":{"drawMode":0,"name":"Shaded","section":"Shading Mode"},"sceneLighting":false,"audioPlay":false,"sceneViewState":{"m_AlwaysRefresh":false,"showFog":true,"showSkybox":false,"showFlares":true,"showImageEffects":true,"showParticleSystems":true,"showVisualEffectGraphs":true,"m_FxEnabled":true},"in2DMode":false,"pivot":{"x":0.4887724816799164,"y":-0.014371118508279324,"z":-0.18460828065872193},"rotation":{"x":0.3250825107097626,"y":0.3016860783100128,"z":-0.11026007682085037,"w":0.8894670009613037},"size":2.557615041732788,"orthographic":false}