{"cameraMode":{"drawMode":0,"name":"Shaded","section":"Shading Mode"},"sceneLighting":false,"audioPlay":false,"sceneViewState":{"m_AlwaysRefresh":false,"showFog":true,"showSkybox":false,"showFlares":true,"showImageEffects":true,"showParticleSystems":true,"showVisualEffectGraphs":true,"m_FxEnabled":true},"in2DMode":false,"pivot":{"x":-8.940696716308594e-8,"y":0.7735258340835571,"z":-0.11410698294639588},"rotation":{"x":-0.06375494599342346,"y":0.8700118660926819,"z":-0.11684156209230423,"w":-0.47472503781318667},"size":1.4836746454238892,"orthographic":false}