{"cameraMode":{"drawMode":0,"name":"Shaded","section":"Shading Mode"},"sceneLighting":false,"audioPlay":false,"sceneViewState":{"m_AlwaysRefresh":false,"showFog":true,"showSkybox":false,"showFlares":true,"showImageEffects":true,"showParticleSystems":true,"showVisualEffectGraphs":true,"m_FxEnabled":true},"in2DMode":false,"pivot":{"x":2.9802322387695315e-8,"y":0.5173887014389038,"z":-0.16561077535152436},"rotation":{"x":0.13525326550006867,"y":-0.30187085270881655,"z":0.04331014305353165,"w":0.9427118897438049},"size":3.220799207687378,"orthographic":false}