{"cameraMode":{"drawMode":0,"name":"Shaded","section":"Shading Mode"},"sceneLighting":false,"audioPlay":false,"sceneViewState":{"m_AlwaysRefresh":false,"showFog":true,"showSkybox":false,"showFlares":true,"showImageEffects":true,"showParticleSystems":true,"showVisualEffectGraphs":true,"m_FxEnabled":true},"in2DMode":false,"pivot":{"x":2.9802322387695315e-8,"y":0.9083312749862671,"z":-0.27653977274894717},"rotation":{"x":0.11117838323116303,"y":-0.26150453090667727,"z":0.030338795855641366,"w":0.9582983255386353},"size":6.570013523101807,"orthographic":false}