{"cameraMode":{"drawMode":0,"name":"Shaded","section":"Shading Mode"},"sceneLighting":false,"audioPlay":false,"sceneViewState":{"m_AlwaysRefresh":false,"showFog":true,"showSkybox":false,"showFlares":true,"showImageEffects":true,"showParticleSystems":true,"showVisualEffectGraphs":true,"m_FxEnabled":true},"in2DMode":false,"pivot":{"x":-8.940696716308594e-8,"y":0.8830173015594482,"z":0.12086904048919678},"rotation":{"x":0.04348640516400337,"y":-0.8465380072593689,"z":0.06999827176332474,"w":0.5259117484092712},"size":1.5314637422561646,"orthographic":true}